instance,orig,preprocessed
/home/v7q8/scratch/2014_SAT_Competition/sc14-app/SAT_dat.k35-31_2_rule_2.cnf,5000.0,5000.0
/home/v7q8/scratch/2014_SAT_Competition/sc14-app/gss-19-s100.cnf,2634.5,2060.01
/home/v7q8/scratch/2017_SAT_Competition/mp1-Nb7T45.cnf,5000.0,5000.0
/home/v7q8/scratch/2017_SAT_Competition/mp1-klieber2017s-0300-034-t12.cnf,5000.0,5000.0
/home/v7q8/scratch/2018_SAT_Competition/Ehlers/ex145_10.cnf,5000.0,5000.0
/home/v7q8/scratch/2014_SAT_Competition/sc14-app/6s169-opt.cnf,2207.94,2303.72
/home/v7q8/scratch/2018_SAT_Competition/Manthey/filter_iir_true-unreach-call.c.cnf,1845.95,1825.84
/home/v7q8/scratch/2014_SAT_Competition/sc14-app/MD5-28-4.cnf,5000.0,5000.0
/home/v7q8/scratch/2018_SAT_Competition/Heusser/satcoin-genesis-SAT-7.cnf,2.19887,1.42865
/home/v7q8/scratch/2014_SAT_Competition/sc14-app/manol-pipe-c10nidw.cnf,3099.64,2937.3
/home/v7q8/scratch/2018_SAT_Competition/Jingchao/e_rphp096_04.cnf,5000.0,5000.0
/home/v7q8/scratch/2017_SAT_Competition/mp1-24.6.cnf,5000.0,5000.0
/home/v7q8/scratch/2017_SAT_Competition/mp1-blockpuzzle_5x10_s5_free3.cnf,100.779,74.3807
/home/v7q8/scratch/2018_SAT_Competition/Chen/20180321_110706599_p_cnf_320_1120.cnf,5000.0,5000.0
/home/v7q8/scratch/2014_SAT_Competition/sc14-app/atco_enc3_opt1_03_53.cnf,1462.31,1359.56
/home/v7q8/scratch/2014_SAT_Competition/sc14-app/atco_enc1_opt2_05_4.cnf,504.868,251.702
/home/v7q8/scratch/2017_SAT_Competition/g2-ak128paralsimpbaig.cnf,5000.0,5000.0
/home/v7q8/scratch/2017_SAT_Competition/mp1-Nb6T06.cnf,92.9299,104.654
/home/v7q8/scratch/2018_SAT_Competition/Heule/CNP-5-700.cnf,604.472,1141.7
/home/v7q8/scratch/2014_SAT_Competition/sc14-app/6s165-nonopt.cnf,2482.7,2134.76
/home/v7q8/scratch/2014_SAT_Competition/sc14-app/aaai10-planning-ipc5-pathways-17-step20.cnf,380.853,275.909
/home/v7q8/scratch/2018_SAT_Competition/Ofer/course0.12_2018_3_1.cnf,2515.61,2412.92
/home/v7q8/scratch/2017_SAT_Competition/g2-modgen-n200-m90860q08c40-6967.cnf,419.522,368.529
/home/v7q8/scratch/2018_SAT_Competition/Scheel/cms-scheel-md4-families-r24-c5-p5-13-16-17-19.cnf,719.513,795.474
/home/v7q8/scratch/2017_SAT_Competition/mp1-blockpuzzle_7x10_s7_free8.cnf,4117.94,1260.73
/home/v7q8/scratch/2014_SAT_Competition/sc14-app/005-22-160.cnf,5000.0,5000.0
/home/v7q8/scratch/2014_SAT_Competition/sc14-app/hitag2-8-60-0-0xfba1a41b5dfd7f7-52.cnf,5000.0,3403.69
/home/v7q8/scratch/2014_SAT_Competition/sc14-app/q_query_3_L80_coli.sat.cnf,408.505,231.862
/home/v7q8/scratch/2018_SAT_Competition/Devriendt/queen13_13.col.13.cnf,660.673,596.31
/home/v7q8/scratch/2018_SAT_Competition/Jingchao/a_rphp056_05.cnf,5000.0,5000.0
/home/v7q8/scratch/2018_SAT_Competition/Devriendt/queen12_12.col.12.cnf,111.318,85.6113
/home/v7q8/scratch/2018_SAT_Competition/Devriendt/huck.col.11.cnf,54.3994,35.8178
/home/v7q8/scratch/2014_SAT_Competition/sc14-app/003-80-8.cnf,677.428,505.102
/home/v7q8/scratch/2018_SAT_Competition/Harder/ecarev-110-1031-23-40-2.cnf,249.233,255.744
/home/v7q8/scratch/2017_SAT_Competition/mp1-ps_5000_21250_3_0_0.8_0_1.60_2.cnf,5000.0,5000.0
/home/v7q8/scratch/2014_SAT_Competition/sc14-app/manol-pipe-c8nidw.cnf,2481.76,2413.6
/home/v7q8/scratch/2018_SAT_Competition/Mayer-Eichberger/8-4-8.cnf,5000.0,5000.0
/home/v7q8/scratch/2014_SAT_Competition/sc14-app/UCG-20-10p0.cnf,2082.45,1202.7
/home/v7q8/scratch/2017_SAT_Competition/mp1-rubikcube901.cnf,220.461,197.607
/home/v7q8/scratch/2018_SAT_Competition/Jingchao/a_rphp065_04.cnf,857.436,814.499
/home/v7q8/scratch/2017_SAT_Competition/mp1-squ_any_s09x07_c27_bail_UNS.cnf,362.129,399.814
/home/v7q8/scratch/2017_SAT_Competition/mp1-rubikcube601.cnf,194.67,173.704
/home/v7q8/scratch/2018_SAT_Competition/Mayer-Eichberger/6-4-6.cnf,5000.0,5000.0
/home/v7q8/scratch/2017_SAT_Competition/mp1-23.2.cnf,5000.0,5000.0
/home/v7q8/scratch/2014_SAT_Competition/sc14-app/6s17-opt.cnf,3052.15,2842.14
/home/v7q8/scratch/2014_SAT_Competition/sc14-app/hitag2-8-60-0-0x1eb82244d7f1c3c-47.cnf,1950.9,1780.38
/home/v7q8/scratch/2014_SAT_Competition/sc14-app/E02F20.cnf,2447.78,181.501
/home/v7q8/scratch/2018_SAT_Competition/Liang/commutativity.c.cnf,5000.0,5000.0
/home/v7q8/scratch/2018_SAT_Competition/Zha/factoring54018521x562448657.cnf,5000.0,5000.0
/home/v7q8/scratch/2017_SAT_Competition/mp1-24.1.cnf,5000.0,5000.0
/home/v7q8/scratch/2017_SAT_Competition/mp1-21.2.cnf,27.2071,23.8552
/home/v7q8/scratch/2018_SAT_Competition/Chen/20180322_164224543_p_cnf_320_1120.cnf,5000.0,5000.0
/home/v7q8/scratch/2014_SAT_Competition/sc14-app/dated-10-17-u.cnf,3209.93,2928.29
/home/v7q8/scratch/2014_SAT_Competition/sc14-app/openstacks-sequencedstrips-nonadl-nonnegated-os-sequencedstrips-p30_3.025-NOTKNOWN.cnf,5000.0,5000.0
/home/v7q8/scratch/2014_SAT_Competition/sc14-app/bjrb07amba10andenv.cnf,4407.98,3567.07
/home/v7q8/scratch/2017_SAT_Competition/g2-ak128simpbbg2asaig.cnf,5000.0,5000.0
/home/v7q8/scratch/2018_SAT_Competition/Chowdhury/gto_p60c231.cnf,82.8459,0.007219
/home/v7q8/scratch/2017_SAT_Competition/g2-modgen-n200-m90860q08c40-29667.cnf,465.656,335.55
/home/v7q8/scratch/2014_SAT_Competition/sc14-app/008-80-12.cnf,591.427,916.217
/home/v7q8/scratch/2017_SAT_Competition/g2-ak128modbtsimpbaig.cnf,5000.0,5000.0
/home/v7q8/scratch/2017_SAT_Competition/mp1-klieber2017s-2000-023-eq.cnf,2973.62,3718.17
/home/v7q8/scratch/2017_SAT_Competition/g2-ak128modasmodasisc.cnf,5000.0,5000.0
/home/v7q8/scratch/2017_SAT_Competition/g2-gss-32-s100.cnf,5000.0,5000.0
/home/v7q8/scratch/2018_SAT_Competition/Harder/ecarev-110-4099-22-30-2.cnf,305.143,239.187
/home/v7q8/scratch/2017_SAT_Competition/g2-UR-20-5p1.cnf,941.707,978.529
/home/v7q8/scratch/2018_SAT_Competition/Jingchao/e_rphp035_05.cnf,551.859,389.039
/home/v7q8/scratch/2014_SAT_Competition/sc14-app/dated-10-11-u.cnf,734.379,587.445
/home/v7q8/scratch/2017_SAT_Competition/mp1-ps_5000_21250_3_0_0.7_0_1.50_4.cnf,5000.0,5000.0
/home/v7q8/scratch/2017_SAT_Competition/g2-ak128simpbbg1sbisc.cnf,116.932,89.3053
/home/v7q8/scratch/2018_SAT_Competition/Devriendt/queen8_12.col.12.cnf,106.064,65.6993
/home/v7q8/scratch/2014_SAT_Competition/sc14-app/UR-15-10p1.cnf,1389.05,1461.59
/home/v7q8/scratch/2017_SAT_Competition/mp1-blockpuzzle_9x9_s1_free8.cnf,5000.0,5000.0
/home/v7q8/scratch/2017_SAT_Competition/g2-ak128paralbg1sbisc.cnf,188.511,0.726924
/home/v7q8/scratch/2017_SAT_Competition/g2-hwmcc15deep-oski15a10b06s-k24.cnf,5000.0,5000.0
/home/v7q8/scratch/2017_SAT_Competition/mp1-squ_any_s09x07_c27_sinz_UNS.cnf,330.962,323.911
/home/v7q8/scratch/2014_SAT_Competition/sc14-app/complete-300-0.1-7-9876543213007.cnf,0.048267,0.035652
/home/v7q8/scratch/2014_SAT_Competition/sc14-app/post-cbmc-aes-ee-r2-noholes.cnf,456.681,470.08
/home/v7q8/scratch/2017_SAT_Competition/g2-ak128modbtbg2msisc.cnf,4140.54,4021.49
/home/v7q8/scratch/2018_SAT_Competition/Manthey/pals_lcr.8_overflow_false-unreach-call.ufo.UNBOUNDED.pals.c.cnf,3537.6,3273.28
/home/v7q8/scratch/2017_SAT_Competition/mp1-klieber2017s-1600-024-eq.cnf,5000.0,5000.0
/home/v7q8/scratch/2018_SAT_Competition/Xiao/Nb37T6.cnf,5000.0,3393.84
/home/v7q8/scratch/2014_SAT_Competition/sc14-app/grieu-vmpc-31.cnf,249.362,564.993
/home/v7q8/scratch/2014_SAT_Competition/sc14-app/010-23-80.cnf,5000.0,5000.0
/home/v7q8/scratch/2018_SAT_Competition/Liang/sqrt_ineq_2.c.cnf,497.131,162.314
/home/v7q8/scratch/2017_SAT_Competition/g2-hwmcc15deep-6s516r-k18.cnf,5000.0,5000.0
/home/v7q8/scratch/2014_SAT_Competition/sc14-app/complete-400-0.1-3-9876543214003.cnf,0.075578,0.069569
/home/v7q8/scratch/2017_SAT_Competition/mp1-ps_5000_21250_3_0_0.7_0_1.50_8.cnf,5000.0,5000.0
/home/v7q8/scratch/2017_SAT_Competition/mp1-9_1.cnf,234.313,56.8961
/home/v7q8/scratch/2018_SAT_Competition/Ofer/course0.12_2018_3_3.cnf,5000.0,5000.0
/home/v7q8/scratch/2018_SAT_Competition/Mayer-Eichberger/6-3-8.cnf,168.19,173.419
/home/v7q8/scratch/2017_SAT_Competition/mp1-blockpuzzle_9x9_s1_free7.cnf,2677.75,2606.84
/home/v7q8/scratch/2014_SAT_Competition/sc14-app/8pipe_k.cnf,2525.78,2487.08
/home/v7q8/scratch/2017_SAT_Competition/g2-UR-20-10p1.cnf,4786.82,5000.0
/home/v7q8/scratch/2017_SAT_Competition/mp1-squ_any_s09x07_c27_abix_UNS.cnf,436.256,351.273
/home/v7q8/scratch/2017_SAT_Competition/mp1-ps_5000_21250_3_0_0.6_0_1.45_6.cnf,5000.0,5000.0
/home/v7q8/scratch/2014_SAT_Competition/sc14-app/q_query_3_L150_coli.sat.cnf,863.91,333.74
/home/v7q8/scratch/2014_SAT_Competition/sc14-app/gss-20-s100.cnf,4058.91,2424.24
/home/v7q8/scratch/2017_SAT_Competition/mp1-Nb6T28.cnf,5000.0,5000.0
/home/v7q8/scratch/2017_SAT_Competition/mp1-24.4.cnf,5000.0,5000.0
/home/v7q8/scratch/2018_SAT_Competition/Porkhunov/mchess_17.cnf,2276.44,2197.13
/home/v7q8/scratch/2018_SAT_Competition/Devriendt/le450_25c.col.25.cnf,5000.0,5000.0
/home/v7q8/scratch/2017_SAT_Competition/mp1-rubikcube401.cnf,507.961,362.716
/home/v7q8/scratch/2018_SAT_Competition/Devriendt/queen15_15.col.15.cnf,5000.0,5000.0
/home/v7q8/scratch/2014_SAT_Competition/sc14-app/minxorminand064.cnf,309.842,290.422
/home/v7q8/scratch/2014_SAT_Competition/sc14-app/aaai10-planning-ipc5-pathways-13-step17.cnf,1147.79,375.621
/home/v7q8/scratch/2017_SAT_Competition/g2-mizh-md5-48-2.cnf,1321.86,602.678
/home/v7q8/scratch/2017_SAT_Competition/mp1-klieber2017s-1600-023-eq.cnf,2962.78,2864.1
/home/v7q8/scratch/2018_SAT_Competition/Xiao/Nb8T63.cnf,5000.0,5000.0
/home/v7q8/scratch/2017_SAT_Competition/g2-hwmcc15deep-oski15a10b08s-k23.cnf,5000.0,5000.0
/home/v7q8/scratch/2018_SAT_Competition/Xiao/Nb27T6.cnf,1676.07,1691.39
/home/v7q8/scratch/2014_SAT_Competition/sc14-app/UTI-20-10p1.cnf,1032.04,689.01
/home/v7q8/scratch/2018_SAT_Competition/Chen/20180321_140823961_p_cnf_320_1120.cnf,5000.0,140.291
/home/v7q8/scratch/2018_SAT_Competition/Devriendt/le450_25b.col.25.cnf,5000.0,5000.0
/home/v7q8/scratch/2017_SAT_Competition/mp1-24.2.cnf,5000.0,5000.0
/home/v7q8/scratch/2017_SAT_Competition/mp1-klieber2017s-0490-023-t12.cnf,931.503,827.957
/home/v7q8/scratch/2017_SAT_Competition/mp1-ps_5000_21250_3_0_0.8_0_1.50_8.cnf,109.644,105.155
/home/v7q8/scratch/2017_SAT_Competition/g2-gss-30-s100.cnf,5000.0,5000.0
/home/v7q8/scratch/2017_SAT_Competition/g2-modgen-n200-m90860q08c40-16823.cnf,475.268,48.6285
/home/v7q8/scratch/2017_SAT_Competition/g2-gss-38-s100.cnf,5000.0,5000.0
/home/v7q8/scratch/2017_SAT_Competition/mp1-Nb7T07.cnf,5000.0,5000.0
/home/v7q8/scratch/2017_SAT_Competition/g2-hwmcc15deep-beemhanoi4b1-k37.cnf,5000.0,5000.0
/home/v7q8/scratch/2014_SAT_Competition/sc14-app/dimacs.cnf,2500.28,2376.04
/home/v7q8/scratch/2017_SAT_Competition/g2-ak128astepmodasaig.cnf,5000.0,5000.0
/home/v7q8/scratch/2017_SAT_Competition/g2-hwmcc15deep-bobpcihm-k30.cnf,5000.0,5000.0
/home/v7q8/scratch/2014_SAT_Competition/sc14-app/stable-300-0.1-20-98765432130020.cnf,79.0775,116.398
/home/v7q8/scratch/2017_SAT_Competition/mp1-21.5.cnf,29.8541,19.7188
/home/v7q8/scratch/2018_SAT_Competition/Heusser/satcoin-genesis-SAT-5.cnf,1.6272,1.92138
/home/v7q8/scratch/2014_SAT_Competition/sc14-app/atco_enc1_opt1_05_21.cnf,169.266,138.539
/home/v7q8/scratch/2014_SAT_Competition/sc14-app/total-10-13-u.cnf,888.3,633.973
/home/v7q8/scratch/2018_SAT_Competition/Devriendt/queen8_8.col.9.cnf,5000.0,5000.0
/home/v7q8/scratch/2014_SAT_Competition/sc14-app/MD5-32-3.cnf,5000.0,5000.0
/home/v7q8/scratch/2018_SAT_Competition/Ehlers/ex065_24.cnf,5000.0,5000.0
/home/v7q8/scratch/2014_SAT_Competition/sc14-app/004-22-144.cnf,974.203,933.562
/home/v7q8/scratch/2018_SAT_Competition/Chowdhury/gto_p50c314.cnf,5000.0,5000.0
/home/v7q8/scratch/2018_SAT_Competition/Heule/CNP-5-1800.cnf,545.153,63.791
/home/v7q8/scratch/2017_SAT_Competition/mp1-9_11.cnf,71.3575,17.923
/home/v7q8/scratch/2014_SAT_Competition/sc14-app/SAT_dat.k70-24_1_rule_3.cnf,5000.0,5000.0
/home/v7q8/scratch/2018_SAT_Competition/Heule/CNP-5-900.cnf,5000.0,442.61
/home/v7q8/scratch/2018_SAT_Competition/Heule/CNP-5-1700.cnf,672.172,97.5723
/home/v7q8/scratch/2014_SAT_Competition/sc14-app/manol-pipe-c10nidw_s.cnf,157.218,109.882
/home/v7q8/scratch/2017_SAT_Competition/g2-hwmcc15deep-6s516r-k17.cnf,5000.0,5000.0
/home/v7q8/scratch/2018_SAT_Competition/Chen/20180321_140824282_p_cnf_320_1120.cnf,5000.0,85.664
/home/v7q8/scratch/2018_SAT_Competition/Porkhunov/mchess_15.cnf,142.006,144.399
/home/v7q8/scratch/2014_SAT_Competition/sc14-app/AProVE07-03.cnf,630.212,454.875
/home/v7q8/scratch/2014_SAT_Competition/sc14-app/6s12.cnf,2984.79,2813.42
/home/v7q8/scratch/2014_SAT_Competition/sc14-app/MD5-28-1.cnf,5000.0,5000.0
/home/v7q8/scratch/2017_SAT_Competition/g2-ak128boothbg1btisc.cnf,111.286,183.728
/home/v7q8/scratch/2014_SAT_Competition/sc14-app/006-23-96.cnf,5000.0,5000.0
/home/v7q8/scratch/2014_SAT_Competition/sc14-app/UCG-20-5p1.cnf,886.988,413.424
/home/v7q8/scratch/2014_SAT_Competition/sc14-app/complete-400-0.1-7-9876543214007.cnf,0.084386,0.071694
/home/v7q8/scratch/2018_SAT_Competition/Devriendt/queen14_14.col.14.cnf,5000.0,5000.0
/home/v7q8/scratch/2018_SAT_Competition/Liang/dist4.c.cnf,403.954,397.632
/home/v7q8/scratch/2017_SAT_Competition/g2-hwmcc15deep-oski15a10b10s-k22.cnf,5000.0,5000.0
/home/v7q8/scratch/2017_SAT_Competition/mp1-24.0.cnf,5000.0,5000.0
/home/v7q8/scratch/2014_SAT_Competition/sc14-app/SAT_dat.k30-30_rule.cnf,601.592,1334.34
/home/v7q8/scratch/2018_SAT_Competition/Scheel/cms-scheel-md4-families-r24-c6-p0-5-10-11-17-18.cnf,329.255,201.733
/home/v7q8/scratch/2017_SAT_Competition/mp1-Nb7T42.cnf,5000.0,5000.0
/home/v7q8/scratch/2018_SAT_Competition/Heule/CNP-5-400.cnf,194.045,2310.6
/home/v7q8/scratch/2017_SAT_Competition/mp1-Nb5T16.cnf,5000.0,5000.0
/home/v7q8/scratch/2018_SAT_Competition/Heule/CNP-5-1100.cnf,1726.05,184.92
/home/v7q8/scratch/2014_SAT_Competition/sc14-app/002-80-8.cnf,979.366,490.288
/home/v7q8/scratch/2014_SAT_Competition/sc14-app/q_query_3_L100_coli.sat.cnf,551.613,340.876
/home/v7q8/scratch/2017_SAT_Competition/g2-hwmcc15deep-6s340rb63-k16.cnf,416.47,317.5
/home/v7q8/scratch/2014_SAT_Competition/sc14-app/openstacks-sequencedstrips-nonadl-nonnegated-os-sequencedstrips-p30_1.025-NOTKNOWN.cnf,5000.0,5000.0
/home/v7q8/scratch/2018_SAT_Competition/Harder/ecarev-110-4099-22-30-4.cnf,289.832,267.677
/home/v7q8/scratch/2017_SAT_Competition/g2-hwmcc15deep-6s33-k34.cnf,1977.68,1855.32
/home/v7q8/scratch/2018_SAT_Competition/Chowdhury/gto_p60c234.cnf,148.077,0.006523
/home/v7q8/scratch/2018_SAT_Competition/Devriendt/school1_nsh.col.14.cnf,5000.0,5000.0
/home/v7q8/scratch/2017_SAT_Competition/g2-ak128diagobg2asaig.cnf,5000.0,5000.0
/home/v7q8/scratch/2014_SAT_Competition/sc14-app/SAT_dat.k80-24_1_rule_1.cnf,5000.0,5000.0
/home/v7q8/scratch/2017_SAT_Competition/mp1-Nb5T14.cnf,5000.0,5000.0
/home/v7q8/scratch/2017_SAT_Competition/mp1-klieber2017s-1200-024-eq.cnf,5000.0,5000.0
/home/v7q8/scratch/2017_SAT_Competition/g2-hwmcc15deep-beemhanoi4b1-k32.cnf,5000.0,5000.0
/home/v7q8/scratch/2017_SAT_Competition/g2-hwmcc15deep-intel065-k11.cnf,5000.0,5000.0
/home/v7q8/scratch/2017_SAT_Competition/g2-hwmcc15deep-bob12s02-k17.cnf,5000.0,5000.0
/home/v7q8/scratch/2018_SAT_Competition/Harder/ecarev-110-4099-22-30-7.cnf,286.134,248.812
/home/v7q8/scratch/2014_SAT_Competition/sc14-app/aes_24_4_keyfind_5.cnf,5000.0,1668.45
/home/v7q8/scratch/2017_SAT_Competition/mp1-ps_5000_21250_3_0_0.8_0_1.55_6.cnf,5000.0,5000.0
/home/v7q8/scratch/2017_SAT_Competition/g2-ACG-20-10p1.cnf,3243.18,1937.98
/home/v7q8/scratch/2014_SAT_Competition/sc14-app/AProVE07-08.cnf,879.13,546.652
/home/v7q8/scratch/2014_SAT_Competition/sc14-app/UTI-20-5p1.cnf,452.674,438.009
/home/v7q8/scratch/2017_SAT_Competition/mp1-ps_5000_21250_3_0_0.7_0_1.45_0.cnf,5000.0,5000.0
/home/v7q8/scratch/2017_SAT_Competition/g2-modgen-n200-m90860q08c40-3230.cnf,452.132,412.066
/home/v7q8/scratch/2014_SAT_Competition/sc14-app/c10bi_i.cnf,2897.21,2706.65
/home/v7q8/scratch/2018_SAT_Competition/Xiao/Nb8T60.cnf,5000.0,5000.0
/home/v7q8/scratch/2017_SAT_Competition/g2-ak128modasbg1msisc.cnf,81.9792,0.722159
/home/v7q8/scratch/2018_SAT_Competition/Chen/20180322_164241329_p_cnf_320_1120.cnf,5000.0,5000.0
/home/v7q8/scratch/2014_SAT_Competition/sc14-app/008-80-8.cnf,862.756,564.428
/home/v7q8/scratch/2014_SAT_Competition/sc14-app/minxor128.cnf,2838.52,2857.66
/home/v7q8/scratch/2014_SAT_Competition/sc14-app/009-80-4.cnf,250.825,160.719
/home/v7q8/scratch/2018_SAT_Competition/Xiao/Nb8T61.cnf,5000.0,5000.0
/home/v7q8/scratch/2018_SAT_Competition/Harder/ecarev-110-1031-23-40-5.cnf,322.413,253.965
/home/v7q8/scratch/2018_SAT_Competition/Jingchao/e_rphp065_05.cnf,5000.0,5000.0
/home/v7q8/scratch/2014_SAT_Competition/sc14-app/6s130-opt.cnf,2745.31,2717.95
/home/v7q8/scratch/2014_SAT_Competition/sc14-app/pb_300_10_lb_08.cnf,286.341,176.371
/home/v7q8/scratch/2017_SAT_Competition/g2-ak128modbtbg1asisc.cnf,74.3851,0.590365
/home/v7q8/scratch/2017_SAT_Competition/mp1-Nb6T07.cnf,5000.0,5000.0
/home/v7q8/scratch/2017_SAT_Competition/mp1-22.0.cnf,5000.0,5000.0
/home/v7q8/scratch/2017_SAT_Competition/mp1-bsat180-648.cnf,64.5991,57.4922
/home/v7q8/scratch/2017_SAT_Competition/mp1-klieber2017s-2000-022-eq.cnf,1735.72,2012.59
/home/v7q8/scratch/2017_SAT_Competition/g2-hwmcc15deep-beemloyd3b1-k31.cnf,3956.3,4208.53
/home/v7q8/scratch/2017_SAT_Competition/mp1-klieber2017s-1200-023-eq.cnf,2437.15,2555.91
/home/v7q8/scratch/2017_SAT_Competition/g2-mizh-md5-47-3.cnf,512.012,274.209
/home/v7q8/scratch/2018_SAT_Competition/Liang/commutativity3.c.cnf,5000.0,5000.0
/home/v7q8/scratch/2017_SAT_Competition/mp1-9_50.cnf,315.311,54.0408
/home/v7q8/scratch/2017_SAT_Competition/mp1-ps_5000_21250_3_0_0.6_0_1.45_8.cnf,5000.0,5000.0
/home/v7q8/scratch/2014_SAT_Competition/sc14-app/6s167-opt.cnf,2605.67,2039.57
/home/v7q8/scratch/2014_SAT_Competition/sc14-app/MD5-28-3.cnf,5000.0,5000.0
/home/v7q8/scratch/2017_SAT_Competition/g2-ak128modbtbg1btaig.cnf,393.571,221.008
/home/v7q8/scratch/2017_SAT_Competition/mp1-ps_5000_21250_3_0_0.7_0_1.50_6.cnf,5000.0,5000.0
/home/v7q8/scratch/2017_SAT_Competition/mp1-blockpuzzle_9x9_s1_free9.cnf,3446.41,2503.44
/home/v7q8/scratch/2018_SAT_Competition/Konan/TimetableCNFEncoding_8_UNKNOWN.cnf,5000.0,5000.0
/home/v7q8/scratch/2017_SAT_Competition/g2-gss-22-s100.cnf,5000.0,5000.0
/home/v7q8/scratch/2018_SAT_Competition/Scheel/cms-scheel-md5-families-r24-c4-p1-3-4-16.cnf,110.093,56.2754
/home/v7q8/scratch/2014_SAT_Competition/sc14-app/MD5-32-4.cnf,5000.0,5000.0
/home/v7q8/scratch/2014_SAT_Competition/sc14-app/korf-17.cnf,85.978,122.828
/home/v7q8/scratch/2017_SAT_Competition/g2-gss-40-s100.cnf,5000.0,5000.0
/home/v7q8/scratch/2017_SAT_Competition/mp1-klieber2017s-0500-024-t12.cnf,1413.93,278.697
/home/v7q8/scratch/2014_SAT_Competition/sc14-app/MD5-28-2.cnf,5000.0,5000.0
/home/v7q8/scratch/2017_SAT_Competition/g2-hwmcc15deep-6s341r-k16.cnf,1323.65,1066.93
/home/v7q8/scratch/2018_SAT_Competition/Heule/CNP-5-100.cnf,1360.08,1909.06
/home/v7q8/scratch/2014_SAT_Competition/sc14-app/bob12s02.cnf,2820.72,2313.2
/home/v7q8/scratch/2018_SAT_Competition/Devriendt/le450_15c.col.15.cnf,5000.0,5000.0
/home/v7q8/scratch/2017_SAT_Competition/g2-ak128diagobg1btaig.cnf,356.044,178.127
/home/v7q8/scratch/2014_SAT_Competition/sc14-app/gss-25-s100.cnf,5000.0,5000.0
/home/v7q8/scratch/2018_SAT_Competition/Xiao/Nb13T165.cnf,5000.0,5000.0
/home/v7q8/scratch/2017_SAT_Competition/mp1-23.6.cnf,5000.0,5000.0
/home/v7q8/scratch/2014_SAT_Competition/sc14-app/006-23-80.cnf,5000.0,5000.0
/home/v7q8/scratch/2017_SAT_Competition/g2-UTI-20-5p1.cnf,445.696,473.008
/home/v7q8/scratch/2017_SAT_Competition/g2-hwmcc15deep-intel032-k84.cnf,5000.0,5000.0
/home/v7q8/scratch/2014_SAT_Competition/sc14-app/MD5-32-2.cnf,5000.0,5000.0
/home/v7q8/scratch/2014_SAT_Competition/sc14-app/6s10.cnf,2832.23,2787.36
/home/v7q8/scratch/2017_SAT_Competition/mp1-blockpuzzle_9x9_s7_free8.cnf,2124.6,3783.07
/home/v7q8/scratch/2018_SAT_Competition/Zha/Karatsuba6972593x13466917.cnf,15.3917,15.5125
/home/v7q8/scratch/2014_SAT_Competition/sc14-app/reg_s_2_unknown.cnf,3347.86,3037.65
/home/v7q8/scratch/2014_SAT_Competition/sc14-app/005-80-12.cnf,1383.76,730.698
/home/v7q8/scratch/2018_SAT_Competition/Liang/assoc_mult_err_3.c.cnf,240.654,183.425
/home/v7q8/scratch/2014_SAT_Competition/sc14-app/006-22-160.cnf,5000.0,2320.18
/home/v7q8/scratch/2017_SAT_Competition/mp1-23.4.cnf,5000.0,5000.0
/home/v7q8/scratch/2017_SAT_Competition/mp1-klieber2017s-1000-023-eq.cnf,2637.73,2708.42
/home/v7q8/scratch/2017_SAT_Competition/mp1-klieber2017s-0500-023-t12.cnf,997.137,339.072
/home/v7q8/scratch/2017_SAT_Competition/mp1-Nb5T06.cnf,69.4587,73.9878
/home/v7q8/scratch/2014_SAT_Competition/sc14-app/partial-10-11-s.cnf,450.682,241.565
/home/v7q8/scratch/2017_SAT_Competition/mp1-rubikcube101.cnf,286.24,254.443
/home/v7q8/scratch/2014_SAT_Competition/sc14-app/MD5-29-2.cnf,5000.0,5000.0
/home/v7q8/scratch/2014_SAT_Competition/sc14-app/complete-500-0.1-1-9876543215001.cnf,0.133065,0.123397
/home/v7q8/scratch/2018_SAT_Competition/Manthey/filter1_true-unreach-call.c.cnf,1369.65,1095.7
/home/v7q8/scratch/2014_SAT_Competition/sc14-app/hitag2-10-60-0-0xe14721bd199894a-99.cnf,2402.35,1919.23
/home/v7q8/scratch/2017_SAT_Competition/mp1-23.8.cnf,5000.0,5000.0
/home/v7q8/scratch/2017_SAT_Competition/g2-hwmcc15deep-6s399b02-k02.cnf,5000.0,5000.0
/home/v7q8/scratch/2014_SAT_Competition/sc14-app/MD5-30-4.cnf,5000.0,5000.0
/home/v7q8/scratch/2017_SAT_Competition/mp1-23.5.cnf,5000.0,5000.0
/home/v7q8/scratch/2018_SAT_Competition/Heusser/satcoin-genesis-SAT-16.cnf,4.28762,5.14144
/home/v7q8/scratch/2014_SAT_Competition/sc14-app/atco_enc1_opt2_10_14.cnf,415.845,298.407
/home/v7q8/scratch/2018_SAT_Competition/Chen/20180326_095804936_p_cnf_320_1120.cnf,5000.0,5000.0
/home/v7q8/scratch/2018_SAT_Competition/Zha/prime_119218851371.cnf,174.213,145.616
/home/v7q8/scratch/2017_SAT_Competition/mp1-rubikcube312.cnf,3598.5,2527.85
/home/v7q8/scratch/2018_SAT_Competition/Ehlers/ex179_11.cnf,1077.91,848.316
/home/v7q8/scratch/2018_SAT_Competition/Scheel/cms-scheel-md4-families-r24-c8-p2-3-4-5-7-12-16-19.cnf,94.2386,42.4634
/home/v7q8/scratch/2014_SAT_Competition/sc14-app/atco_enc1_opt1_03_56.cnf,109.459,80.1501
/home/v7q8/scratch/2018_SAT_Competition/Porkhunov/mchess_18.cnf,5000.0,5000.0
/home/v7q8/scratch/2018_SAT_Competition/Chen/20180321_110707239_p_cnf_320_1120.cnf,5000.0,5000.0
/home/v7q8/scratch/2014_SAT_Competition/sc14-app/009-80-8.cnf,983.847,782.386
/home/v7q8/scratch/2014_SAT_Competition/sc14-app/AProVE09-06.cnf,1268.83,561.498
/home/v7q8/scratch/2017_SAT_Competition/mp1-9_12.cnf,2642.31,896.962
/home/v7q8/scratch/2014_SAT_Competition/sc14-app/aaai10-planning-ipc5-TPP-21-step11.cnf,908.971,752.463
/home/v7q8/scratch/2018_SAT_Competition/Heusser/satcoin-genesis-SAT-256.cnf,126.189,44.4521
/home/v7q8/scratch/2014_SAT_Competition/sc14-app/itox_vc1130.cnf,39.5907,2.84713
/home/v7q8/scratch/2014_SAT_Competition/sc14-app/aes_24_4_keyfind_4.cnf,62.4575,2362.38
/home/v7q8/scratch/2014_SAT_Competition/sc14-app/UCG-20-5p0.cnf,800.523,431.991
/home/v7q8/scratch/2014_SAT_Competition/sc14-app/atco_enc1_opt2_10_12.cnf,269.317,190.021
/home/v7q8/scratch/2018_SAT_Competition/Chen/20180322_164245263_p_cnf_320_1120.cnf,476.206,84.7158
/home/v7q8/scratch/2017_SAT_Competition/mp1-bsat192-689.cnf,106.734,94.1626
/home/v7q8/scratch/2014_SAT_Competition/sc14-app/E02F22.cnf,144.02,71.5344
/home/v7q8/scratch/2014_SAT_Competition/sc14-app/6s151.cnf,5000.0,5000.0
/home/v7q8/scratch/2018_SAT_Competition/Chen/20180322_164238439_p_cnf_320_1120.cnf,5000.0,5000.0
/home/v7q8/scratch/2017_SAT_Competition/g2-gss-36-s100.cnf,5000.0,5000.0
/home/v7q8/scratch/2017_SAT_Competition/g2-ak128diagodiagoisc.cnf,5000.0,5000.0
/home/v7q8/scratch/2017_SAT_Competition/g2-ak128boothbg2asisc.cnf,5000.0,0.791832
/home/v7q8/scratch/2017_SAT_Competition/mp1-ps_5000_21250_3_0_0.8_0_1.60_4.cnf,5000.0,5000.0
/home/v7q8/scratch/2017_SAT_Competition/mp1-22.4.cnf,2068.22,2061.57
/home/v7q8/scratch/2017_SAT_Competition/g2-hwmcc15deep-6s188-k44.cnf,5000.0,5000.0
/home/v7q8/scratch/2014_SAT_Competition/sc14-app/UCG-15-10p0.cnf,1092.64,582.846
/home/v7q8/scratch/2018_SAT_Competition/Liang/quadratic_loose_error.c.cnf,417.286,151.687
/home/v7q8/scratch/2014_SAT_Competition/sc14-app/complete-400-0.1-12-98765432140012.cnf,0.085333,0.070858
/home/v7q8/scratch/2017_SAT_Competition/mp1-ps_5000_21250_3_0_0.8_0_1.60_6.cnf,5000.0,5000.0
/home/v7q8/scratch/2017_SAT_Competition/mp1-24.3.cnf,5000.0,5000.0
/home/v7q8/scratch/2018_SAT_Competition/Konan/TimetableCNFEncoding_9_UNKNOWN.cnf,5000.0,5000.0
/home/v7q8/scratch/2017_SAT_Competition/mp1-ps_5000_21250_3_0_0.8_0_1.70_0.cnf,5000.0,5000.0
/home/v7q8/scratch/2018_SAT_Competition/Scheel/cms-scheel-md4-families-r24-c5-p1-5-10-12-18.cnf,66.1739,56.9528
/home/v7q8/scratch/2017_SAT_Competition/mp1-ps_5000_21250_3_0_0.6_0_1.45_2.cnf,5000.0,5000.0
/home/v7q8/scratch/2017_SAT_Competition/g2-hwmcc15deep-bob12s02-k16.cnf,5000.0,5000.0
/home/v7q8/scratch/2014_SAT_Competition/sc14-app/MD5-31-4.cnf,5000.0,5000.0
/home/v7q8/scratch/2018_SAT_Competition/Heusser/satcoin-genesis-SAT-8.cnf,2.31773,5000.0
/home/v7q8/scratch/2017_SAT_Competition/mp1-ps_5000_21250_3_0_0.8_0_1.55_4.cnf,5000.0,5000.0
/home/v7q8/scratch/2018_SAT_Competition/Chen/20180321_110704973_p_cnf_320_1120.cnf,5000.0,5000.0
/home/v7q8/scratch/2014_SAT_Competition/sc14-app/atco_enc2_opt1_05_21.cnf,102.606,103.713
/home/v7q8/scratch/2017_SAT_Competition/mp1-rubikcube420.cnf,5000.0,5000.0
/home/v7q8/scratch/2018_SAT_Competition/Mayer-Eichberger/7-4-7.cnf,5000.0,5000.0
/home/v7q8/scratch/2014_SAT_Competition/sc14-app/6s11-opt.cnf,2988.15,2842.79
/home/v7q8/scratch/2017_SAT_Competition/mp1-ps_5000_21250_3_0_0.8_0_1.50_0.cnf,59.7405,54.5337
/home/v7q8/scratch/2017_SAT_Competition/mp1-9_34.cnf,339.881,640.105
/home/v7q8/scratch/2014_SAT_Competition/sc14-app/ctl_4291_567_5_unsat_pre.cnf,5000.0,5000.0
/home/v7q8/scratch/2014_SAT_Competition/sc14-app/6s13-opt.cnf,3254.49,2835.55
/home/v7q8/scratch/2014_SAT_Competition/sc14-app/rbcl_xits_08_UNSAT.cnf,829.041,778.077
/home/v7q8/scratch/2018_SAT_Competition/Ehlers/ex039_33.cnf,648.859,631.242
/home/v7q8/scratch/2018_SAT_Competition/Ehlers/ex067_10.cnf,5000.0,788.377
/home/v7q8/scratch/2014_SAT_Competition/sc14-app/dated-5-13-u.cnf,2322.26,1834.83
/home/v7q8/scratch/2017_SAT_Competition/mp1-ps_5000_21250_3_0_0.6_0_1.50_2.cnf,5000.0,5000.0
/home/v7q8/scratch/2014_SAT_Competition/sc14-app/UCG-15-10p1.cnf,1094.65,944.738
/home/v7q8/scratch/2014_SAT_Competition/sc14-app/hwmcc10-timeframe-expansion-k45-pdtvisns3p02-tseitin.cnf,5000.0,5000.0
/home/v7q8/scratch/2018_SAT_Competition/Heusser/satcoin-genesis-SAT-2048.cnf,2415.93,2413.88
/home/v7q8/scratch/2018_SAT_Competition/Devriendt/le450_15a.col.15.cnf,5000.0,5000.0
/home/v7q8/scratch/2014_SAT_Competition/sc14-app/MD5-30-5.cnf,5000.0,5000.0
/home/v7q8/scratch/2018_SAT_Competition/Harder/ecarev-110-1031-23-40-8.cnf,450.984,367.754
/home/v7q8/scratch/2018_SAT_Competition/Heule/CNP-5-1900.cnf,118.21,255.05
/home/v7q8/scratch/2018_SAT_Competition/Chowdhury/gto_p50c311.cnf,5000.0,5000.0
/home/v7q8/scratch/2018_SAT_Competition/Scheel/cms-scheel-md4-families-r24-c4-p4-9-13-18.cnf,5000.0,5000.0
/home/v7q8/scratch/2017_SAT_Competition/g2-hwmcc15deep-intel066-k10.cnf,5000.0,5000.0
/home/v7q8/scratch/2018_SAT_Competition/Manthey/terminator_03_true-unreach-call_true-termination.i.cnf,2657.18,2675.5
/home/v7q8/scratch/2014_SAT_Competition/sc14-app/6s9.cnf,2952.6,2839.0
/home/v7q8/scratch/2014_SAT_Competition/sc14-app/partial-5-15-s.cnf,190.238,285.015
/home/v7q8/scratch/2014_SAT_Competition/sc14-app/006-22-144.cnf,1537.35,1531.4
/home/v7q8/scratch/2017_SAT_Competition/mp1-rubikcube701.cnf,347.796,308.491
/home/v7q8/scratch/2017_SAT_Competition/mp1-ps_5000_21250_3_0_0.6_0_1.50_0.cnf,5000.0,5000.0
/home/v7q8/scratch/2014_SAT_Competition/sc14-app/stable-400-0.1-5-9876543214005.cnf,5000.0,4954.42
/home/v7q8/scratch/2017_SAT_Competition/mp1-klieber2017s-0500-022-t12.cnf,461.291,232.668
/home/v7q8/scratch/2017_SAT_Competition/mp1-tri_ali_s11_c35_abix_UNS.cnf,79.9693,83.0621
/home/v7q8/scratch/2018_SAT_Competition/Liang/assoc2.c.cnf,5000.0,5000.0
/home/v7q8/scratch/2017_SAT_Competition/g2-ACG-15-10p1.cnf,1564.86,1191.58
/home/v7q8/scratch/2014_SAT_Competition/sc14-app/atco_enc1_opt1_10_15.cnf,1242.22,975.208
/home/v7q8/scratch/2014_SAT_Competition/sc14-app/MD5-29-3.cnf,5000.0,5000.0
/home/v7q8/scratch/2018_SAT_Competition/Manthey/avg_true-unreach-call.i.cnf,2815.9,2626.13
/home/v7q8/scratch/2017_SAT_Competition/mp1-ps_5000_21250_3_0_0.8_0_1.70_6.cnf,5000.0,5000.0
/home/v7q8/scratch/2018_SAT_Competition/Ehlers/ex145_11.cnf,5000.0,5000.0
/home/v7q8/scratch/2017_SAT_Competition/mp1-ps_5000_21250_3_0_0.7_0_1.45_4.cnf,5000.0,5000.0
/home/v7q8/scratch/2014_SAT_Competition/sc14-app/atco_enc2_opt1_10_21.cnf,109.303,48.2549
/home/v7q8/scratch/2014_SAT_Competition/sc14-app/6s16.cnf,2510.91,2410.0
/home/v7q8/scratch/2017_SAT_Competition/mp1-rubikcube120.cnf,5000.0,5000.0
/home/v7q8/scratch/2017_SAT_Competition/mp1-22.6.cnf,329.715,336.984
/home/v7q8/scratch/2018_SAT_Competition/Heule/CNP-5-1000.cnf,3622.96,398.022
/home/v7q8/scratch/2018_SAT_Competition/Mayer-Eichberger/10-3-13.cnf,5000.0,5000.0
/home/v7q8/scratch/2017_SAT_Competition/mp1-22.5.cnf,5000.0,1703.44
/home/v7q8/scratch/2017_SAT_Competition/mp1-24.7.cnf,5000.0,5000.0
/home/v7q8/scratch/2017_SAT_Competition/mp1-9_4.cnf,5000.0,5000.0
/home/v7q8/scratch/2018_SAT_Competition/Heusser/satcoin-genesis-SAT-128.cnf,20.7394,35.9389
/home/v7q8/scratch/2017_SAT_Competition/mp1-ps_5000_21250_3_0_0.8_0_1.70_2.cnf,5000.0,5000.0
/home/v7q8/scratch/2017_SAT_Competition/g2-hwmcc15deep-oski15a14b04s-k16.cnf,5000.0,3281.08
/home/v7q8/scratch/2014_SAT_Competition/sc14-app/UR-20-10p0.cnf,3810.53,2506.64
/home/v7q8/scratch/2018_SAT_Competition/Mayer-Eichberger/6-4-7.cnf,5000.0,5000.0
/home/v7q8/scratch/2017_SAT_Competition/g2-hwmcc15deep-6s340rb63-k22.cnf,2842.25,2760.51
/home/v7q8/scratch/2017_SAT_Competition/mp1-ps_5000_21250_3_0_0.8_0_1.60_8.cnf,5000.0,5000.0
/home/v7q8/scratch/2017_SAT_Competition/g2-ak128boothdiagoaig.cnf,5000.0,5000.0
/home/v7q8/scratch/2014_SAT_Competition/sc14-app/beempgsol2b1.cnf,2749.0,2484.62
/home/v7q8/scratch/2014_SAT_Competition/sc14-app/vmpc_33.cnf,2117.05,291.159
/home/v7q8/scratch/2017_SAT_Competition/g2-test_v7_r7_vr5_c1_s14675.smt2-cvc4.cnf,127.968,46.2554
/home/v7q8/scratch/2017_SAT_Competition/mp1-tri_ali_s11_c35_sinz_UNS.cnf,51.4023,62.2322
/home/v7q8/scratch/2017_SAT_Competition/mp1-9_22.cnf,5000.0,3208.16
/home/v7q8/scratch/2014_SAT_Competition/sc14-app/IBM_FV_2004_rule_batch_1_31_1_SAT_dat.k40.debugged.cnf,5000.0,5000.0
/home/v7q8/scratch/2014_SAT_Competition/sc14-app/007-80-8.cnf,666.444,494.214
/home/v7q8/scratch/2014_SAT_Competition/sc14-app/stable-400-0.1-2-9876543214002.cnf,5000.0,5000.0
/home/v7q8/scratch/2018_SAT_Competition/Scheel/cms-scheel-md4-families-r24-c6-p1-9-13-16-18-19.cnf,336.484,196.779
/home/v7q8/scratch/2018_SAT_Competition/Ofer/course0.2_2018_3_5.cnf,1506.29,419.626
/home/v7q8/scratch/2017_SAT_Competition/mp1-rubikcube212.cnf,2307.45,2117.0
/home/v7q8/scratch/2014_SAT_Competition/sc14-app/complete-300-0.1-8-9876543213008.cnf,0.04966,0.038228
/home/v7q8/scratch/2014_SAT_Competition/sc14-app/002-23-96.cnf,5000.0,5000.0
/home/v7q8/scratch/2017_SAT_Competition/mp1-tri_ali_s11_c35_abio_UNS.cnf,89.1716,68.2669
/home/v7q8/scratch/2017_SAT_Competition/mp1-22.7.cnf,121.832,122.981
/home/v7q8/scratch/2018_SAT_Competition/Chowdhury/gto_p60c231_1.cnf,91.9781,0.006926
/home/v7q8/scratch/2014_SAT_Competition/sc14-app/004-80-8.cnf,770.063,546.778
/home/v7q8/scratch/2014_SAT_Competition/sc14-app/manol-pipe-c10nid_i.cnf,2951.78,2906.4
/home/v7q8/scratch/2017_SAT_Competition/mp1-ps_5000_21250_3_0_0.6_0_1.45_4.cnf,5000.0,5000.0
/home/v7q8/scratch/2014_SAT_Competition/sc14-app/bob12m02-opt.cnf,3032.16,2844.11
/home/v7q8/scratch/2017_SAT_Competition/mp1-rubikcube220.cnf,5000.0,5000.0
/home/v7q8/scratch/2017_SAT_Competition/mp1-22.1.cnf,32.7712,32.3451
/home/v7q8/scratch/2018_SAT_Competition/Chen/20180321_140826713_p_cnf_320_1120.cnf,5000.0,5000.0
/home/v7q8/scratch/2014_SAT_Competition/sc14-app/6s131-opt.cnf,2680.94,2692.39
/home/v7q8/scratch/2014_SAT_Competition/sc14-app/beempgsol5b1.cnf,2541.88,2496.83
/home/v7q8/scratch/2014_SAT_Competition/sc14-app/q_query_3_l46_lambda.cnf,153.74,165.342
/home/v7q8/scratch/2018_SAT_Competition/Zha/factoring94418953x321534781.cnf,5000.0,629.409
/home/v7q8/scratch/2014_SAT_Competition/sc14-app/7pipe_k.cnf,2535.74,2403.15
/home/v7q8/scratch/2017_SAT_Competition/mp1-ps_5000_21250_3_0_0.8_0_1.70_8.cnf,5000.0,5000.0
/home/v7q8/scratch/2017_SAT_Competition/mp1-9_25.cnf,795.574,1222.53
/home/v7q8/scratch/2018_SAT_Competition/Heusser/satcoin-genesis-SAT-4096.cnf,2870.17,2433.98
/home/v7q8/scratch/2017_SAT_Competition/mp1-blockpuzzle_9x9_s5_free3.cnf,155.543,156.594
/home/v7q8/scratch/2017_SAT_Competition/mp1-ps_5000_21250_3_0_0.8_0_1.70_4.cnf,5000.0,5000.0
/home/v7q8/scratch/2017_SAT_Competition/g2-hwmcc15deep-bobpcihm-k31.cnf,5000.0,5000.0
/home/v7q8/scratch/2017_SAT_Competition/mp1-squ_ali_s10x10_c39_bail_SAT.cnf,479.203,70.1326
/home/v7q8/scratch/2014_SAT_Competition/sc14-app/010-80-12.cnf,1190.14,835.349
/home/v7q8/scratch/2014_SAT_Competition/sc14-app/ctl_3791_556_unsat_pre.cnf,5000.0,5000.0
/home/v7q8/scratch/2018_SAT_Competition/Chen/20180326_095804286_p_cnf_320_1120.cnf,2721.31,5000.0
/home/v7q8/scratch/2017_SAT_Competition/mp1-klieber2017s-0300-035-t12.cnf,5000.0,5000.0
/home/v7q8/scratch/2017_SAT_Competition/mp1-squ_any_s09x07_c27_abio_UNS.cnf,502.427,347.417
/home/v7q8/scratch/2018_SAT_Competition/Scheel/cms-scheel-md4-families-r24-c5-p1-8-9-16-19.cnf,504.911,185.618
/home/v7q8/scratch/2017_SAT_Competition/mp1-21.0.cnf,60.5143,56.3481
/home/v7q8/scratch/2018_SAT_Competition/Mayer-Eichberger/8-4-10.cnf,5000.0,5000.0
/home/v7q8/scratch/2017_SAT_Competition/mp1-24.9.cnf,5000.0,5000.0
/home/v7q8/scratch/2018_SAT_Competition/Chowdhury/gto_p50c345.cnf,5000.0,5000.0
/home/v7q8/scratch/2018_SAT_Competition/Liang/dist5.c.cnf,477.778,394.219
/home/v7q8/scratch/2014_SAT_Competition/sc14-app/6s133.cnf,2740.25,2624.18
/home/v7q8/scratch/2014_SAT_Competition/sc14-app/UR-15-10p0.cnf,1127.54,869.42
/home/v7q8/scratch/2017_SAT_Competition/g2-ak128astepbg2msisc.cnf,5000.0,4538.82
/home/v7q8/scratch/2017_SAT_Competition/mp1-rubikcube012.cnf,5000.0,5000.0
/home/v7q8/scratch/2018_SAT_Competition/Harder/ecarev-110-1031-23-40-3.cnf,22.8071,109.049
/home/v7q8/scratch/2014_SAT_Competition/sc14-app/ACG-15-10p0.cnf,1363.98,884.062
/home/v7q8/scratch/2014_SAT_Competition/sc14-app/hitag2-10-60-0-0x8edc44db7837bbf-65.cnf,2300.57,1790.73
/home/v7q8/scratch/2014_SAT_Competition/sc14-app/010-22-144.cnf,1524.99,1418.47
/home/v7q8/scratch/2018_SAT_Competition/Scheel/cms-scheel-md5-families-r24-c8-p0-3-5-6-14-16-18-19.cnf,1407.18,266.066
/home/v7q8/scratch/2017_SAT_Competition/mp1-22.9.cnf,5000.0,5000.0
/home/v7q8/scratch/2017_SAT_Competition/mp1-klieber2017s-1600-022-eq.cnf,1734.22,1710.05
/home/v7q8/scratch/2014_SAT_Competition/sc14-app/6s184.cnf,2902.78,2794.07
/home/v7q8/scratch/2018_SAT_Competition/Scheel/cms-scheel-md4-families-r24-c4-p6-13-17-19.cnf,421.508,130.185
/home/v7q8/scratch/2017_SAT_Competition/g2-mizh-md5-47-5.cnf,1158.18,105.128
/home/v7q8/scratch/2014_SAT_Competition/sc14-app/q_query_3_l45_lambda.cnf,160.406,161.335
/home/v7q8/scratch/2014_SAT_Competition/sc14-app/stable-400-0.1-4-9876543214004.cnf,5000.0,5000.0
/home/v7q8/scratch/2017_SAT_Competition/g2-hwmcc15deep-6s341r-k19.cnf,2734.49,2626.0
/home/v7q8/scratch/2014_SAT_Competition/sc14-app/aes_32_2_keyfind_1.cnf,5000.0,1627.56
/home/v7q8/scratch/2017_SAT_Competition/mp1-klieber2017s-1200-022-eq.cnf,1343.19,1382.98
/home/v7q8/scratch/2018_SAT_Competition/Heule/CNP-5-1300.cnf,499.646,908.457
/home/v7q8/scratch/2014_SAT_Competition/sc14-app/gss-22-s100.cnf,5000.0,5000.0
/home/v7q8/scratch/2014_SAT_Competition/sc14-app/9dlx_vliw_at_b_iq3.cnf,2464.44,2416.17
/home/v7q8/scratch/2018_SAT_Competition/Heusser/satcoin-genesis-SAT-4.cnf,5000.0,1.52658
/home/v7q8/scratch/2017_SAT_Competition/mp1-9_27.cnf,282.399,6.40228
/home/v7q8/scratch/2018_SAT_Competition/Zha/factoring29986577x29986577.cnf,315.995,132.548
/home/v7q8/scratch/2017_SAT_Competition/mp1-blockpuzzle_9x9_s1_free10.cnf,2771.11,2371.69
/home/v7q8/scratch/2017_SAT_Competition/mp1-blockpuzzle_5x12_s6_free3.cnf,216.995,177.779
/home/v7q8/scratch/2017_SAT_Competition/g2-hwmcc15deep-oski15a10b10s-k20.cnf,5000.0,5000.0
/home/v7q8/scratch/2014_SAT_Competition/sc14-app/minandmaxor128.cnf,5000.0,5000.0
/home/v7q8/scratch/2018_SAT_Competition/Chowdhury/gto_p60c233.cnf,142.492,0.006844
/home/v7q8/scratch/2018_SAT_Competition/Xiao/Nb8T62.cnf,5000.0,5000.0
/home/v7q8/scratch/2018_SAT_Competition/Manthey/pals_lcr-var-start-time.6_true-unreach-call.ufo.UNBOUNDED.pals.c.cnf,1803.36,1797.33
/home/v7q8/scratch/2014_SAT_Competition/sc14-app/stable-400-0.1-7-9876543214007.cnf,1456.35,1459.85
/home/v7q8/scratch/2017_SAT_Competition/g2-UCG-20-5p1.cnf,952.51,368.638
/home/v7q8/scratch/2018_SAT_Competition/Chen/20180322_164241842_p_cnf_320_1120.cnf,5000.0,3612.37
/home/v7q8/scratch/2018_SAT_Competition/Zha/factoring39916801x54018521.cnf,1073.81,112.191
/home/v7q8/scratch/2017_SAT_Competition/g2-hwmcc15deep-6s44-k40.cnf,4163.5,4465.18
/home/v7q8/scratch/2017_SAT_Competition/mp1-ps_5000_21250_3_0_0.8_0_1.50_4.cnf,113.565,107.477
/home/v7q8/scratch/2018_SAT_Competition/Porkhunov/mchess_19.cnf,5000.0,5000.0
/home/v7q8/scratch/2014_SAT_Competition/sc14-app/partial-10-17-s.cnf,5000.0,1439.43
/home/v7q8/scratch/2018_SAT_Competition/Harder/ecarev-110-1031-23-40-7.cnf,264.154,153.285
/home/v7q8/scratch/2017_SAT_Competition/mp1-21.3.cnf,162.474,51.9982
/home/v7q8/scratch/2018_SAT_Competition/Heusser/satcoin-genesis-SAT-64.cnf,2374.78,21.6567
/home/v7q8/scratch/2014_SAT_Competition/sc14-app/smtlib-qfbv-aigs-ext_con_032_008_0256-tseitin.cnf,23.4745,14.6956
/home/v7q8/scratch/2014_SAT_Competition/sc14-app/ACG-20-5p0.cnf,1559.04,814.808
/home/v7q8/scratch/2017_SAT_Competition/mp1-ps_5000_21250_3_0_0.8_0_1.50_6.cnf,58.3479,53.261
/home/v7q8/scratch/2014_SAT_Competition/sc14-app/SAT_dat.k85-24_1_rule_2.cnf,5000.0,5000.0
/home/v7q8/scratch/2014_SAT_Competition/sc14-app/6s153.cnf,2432.02,443.474
/home/v7q8/scratch/2017_SAT_Competition/g2-gss-28-s100.cnf,5000.0,5000.0
/home/v7q8/scratch/2018_SAT_Competition/Harder/ecarev-110-1031-23-40-1.cnf,420.168,275.074
/home/v7q8/scratch/2014_SAT_Competition/sc14-app/6s16-opt.cnf,2404.21,2830.27
/home/v7q8/scratch/2014_SAT_Competition/sc14-app/atco_enc1_opt2_20_12.cnf,1363.78,1099.92
/home/v7q8/scratch/2017_SAT_Competition/mp1-rubikcube820.cnf,5000.0,5000.0
/home/v7q8/scratch/2017_SAT_Competition/mp1-rubikcube912.cnf,2117.32,1992.75
/home/v7q8/scratch/2017_SAT_Competition/mp1-ps_5000_21250_3_0_0.7_0_1.45_2.cnf,5000.0,5000.0
/home/v7q8/scratch/2018_SAT_Competition/Ehlers/ex065_25.cnf,441.523,433.655
/home/v7q8/scratch/2017_SAT_Competition/mp1-9_44.cnf,1035.74,26.8805
/home/v7q8/scratch/2017_SAT_Competition/mp1-Nb7T46.cnf,5000.0,5000.0
/home/v7q8/scratch/2014_SAT_Competition/sc14-app/9dlx_vliw_at_b_iq4.cnf,2537.56,2473.24
/home/v7q8/scratch/2014_SAT_Competition/sc14-app/hwmcc10-timeframe-expansion-k50-pdtpmsns2-tseitin.cnf,2767.03,2736.28
/home/v7q8/scratch/2014_SAT_Competition/sc14-app/MD5-30-2.cnf,5000.0,5000.0
/home/v7q8/scratch/2017_SAT_Competition/g2-hwmcc15deep-6s44-k38.cnf,3383.11,3538.2
/home/v7q8/scratch/2017_SAT_Competition/mp1-rubikcube031.cnf,5000.0,5000.0
/home/v7q8/scratch/2017_SAT_Competition/g2-UCG-15-10p1.cnf,1092.73,959.878
/home/v7q8/scratch/2014_SAT_Competition/sc14-app/010-22-160.cnf,509.055,456.639
/home/v7q8/scratch/2014_SAT_Competition/sc14-app/hitag2-10-60-0-0xfee9637399d85a2-78.cnf,1434.62,1764.62
/home/v7q8/scratch/2014_SAT_Competition/sc14-app/SAT_dat.k85-24_1_rule_1.cnf,5000.0,5000.0
/home/v7q8/scratch/2017_SAT_Competition/mp1-klieber2017s-1000-024-eq.cnf,5000.0,5000.0
/home/v7q8/scratch/2014_SAT_Competition/sc14-app/rbcl_xits_14_SAT.cnf,888.945,6.19484
/home/v7q8/scratch/2018_SAT_Competition/Scheel/cms-scheel-md4-families-r24-c5-p0-5-11-13-18.cnf,97.9874,87.2799
/home/v7q8/scratch/2017_SAT_Competition/mp1-9_29.cnf,7.96776,29.1131
/home/v7q8/scratch/2018_SAT_Competition/Ofer/course_flat_0.12_2018_3_3.cnf,5000.0,5000.0
/home/v7q8/scratch/2018_SAT_Competition/Chen/20180322_164223076_p_cnf_320_1120.cnf,5000.0,1489.61
/home/v7q8/scratch/2018_SAT_Competition/Chowdhury/gto_p60c243.cnf,246.992,0.008097
/home/v7q8/scratch/2014_SAT_Competition/sc14-app/hitag2-10-60-0-0x0ffdbe60727f161-57.cnf,1271.95,1095.71
/home/v7q8/scratch/2018_SAT_Competition/Xiao/Nb11T118.cnf,5000.0,5000.0
/home/v7q8/scratch/2014_SAT_Competition/sc14-app/aes_32_3_keyfind_1.cnf,1346.67,334.816
/home/v7q8/scratch/2018_SAT_Competition/Zha/prime_200560490131.cnf,266.646,197.805
/home/v7q8/scratch/2014_SAT_Competition/sc14-app/bob12m02.cnf,3224.13,2721.65
/home/v7q8/scratch/2014_SAT_Competition/sc14-app/ACG-20-10p1.cnf,3877.14,1772.16
/home/v7q8/scratch/2018_SAT_Competition/Chen/20180326_095805836_p_cnf_320_1120.cnf,4.28076,28.3338
/home/v7q8/scratch/2017_SAT_Competition/mp1-rubikcube512.cnf,4455.53,2394.4
/home/v7q8/scratch/2017_SAT_Competition/mp1-Nb6T29.cnf,5000.0,5000.0
/home/v7q8/scratch/2017_SAT_Competition/g2-ak128modasbg1sbisc.cnf,85.6912,0.782996
/home/v7q8/scratch/2017_SAT_Competition/mp1-squ_ali_s10x10_c39_abio_SAT.cnf,1990.2,16.3155
/home/v7q8/scratch/2018_SAT_Competition/Heule/CNP-5-1200.cnf,956.749,42.8981
/home/v7q8/scratch/2014_SAT_Competition/sc14-app/hitag2-10-60-0-0xe6754daf48162bf-46.cnf,2116.63,2018.07
/home/v7q8/scratch/2017_SAT_Competition/mp1-klieber2017s-0490-022-t12.cnf,711.09,414.46
/home/v7q8/scratch/2017_SAT_Competition/g2-hwmcc15deep-oski15a14b30s-k24.cnf,5000.0,5000.0
/home/v7q8/scratch/2014_SAT_Competition/sc14-app/MD5-30-1.cnf,5000.0,5000.0
/home/v7q8/scratch/2014_SAT_Competition/sc14-app/002-80-12.cnf,600.722,698.414
/home/v7q8/scratch/2017_SAT_Competition/g2-hwmcc15deep-6s33-k33.cnf,1307.98,1177.63
/home/v7q8/scratch/2018_SAT_Competition/Xiao/Nb14T194.cnf,5000.0,5000.0
/home/v7q8/scratch/2017_SAT_Competition/mp1-blockpuzzle_5x10_s8_free3.cnf,130.754,124.708
/home/v7q8/scratch/2018_SAT_Competition/Chen/20180326_095801070_p_cnf_320_1120.cnf,5000.0,5000.0
/home/v7q8/scratch/2018_SAT_Competition/Heusser/satcoin-genesis-SAT-3.cnf,1.48547,0.769057
/home/v7q8/scratch/2017_SAT_Competition/g2-ak128boothboothisc.cnf,5000.0,5000.0
/home/v7q8/scratch/2014_SAT_Competition/sc14-app/complete-500-0.1-7-9876543215007.cnf,0.148728,0.126294
/home/v7q8/scratch/2014_SAT_Competition/sc14-app/hitag2-7-60-0-0xe8fa35372ed37e2-80.cnf,4686.1,4073.35
/home/v7q8/scratch/2018_SAT_Competition/Liang/dist6.c.cnf,456.473,387.407
/home/v7q8/scratch/2014_SAT_Competition/sc14-app/post-cbmc-aes-d-r2.cnf,591.459,556.392
/home/v7q8/scratch/2014_SAT_Competition/sc14-app/q_query_3_l48_lambda.cnf,169.142,172.576
/home/v7q8/scratch/2017_SAT_Competition/mp1-blockpuzzle_7x10_s9_free6.cnf,123.168,103.788
/home/v7q8/scratch/2018_SAT_Competition/Scheel/cms-scheel-md5-families-r24-c7-p1-5-6-12-16-18-19.cnf,1032.02,1121.24
/home/v7q8/scratch/2014_SAT_Competition/sc14-app/hitag2-8-60-0-0xdcdbc8bf368ee73-37.cnf,3356.59,2071.38
/home/v7q8/scratch/2017_SAT_Competition/mp1-23.1.cnf,5000.0,5000.0
/home/v7q8/scratch/2018_SAT_Competition/Porkhunov/mchess_20.cnf,5000.0,5000.0
/home/v7q8/scratch/2018_SAT_Competition/Chowdhury/gto_p60c239.cnf,151.147,0.007444
/home/v7q8/scratch/2018_SAT_Competition/Devriendt/le450_15b.col.15.cnf,5000.0,5000.0
/home/v7q8/scratch/2017_SAT_Competition/mp1-ps_5000_21250_3_0_0.8_0_1.55_8.cnf,5000.0,5000.0
/home/v7q8/scratch/2017_SAT_Competition/mp1-ps_5000_21250_3_0_0.6_0_1.50_6.cnf,5000.0,5000.0
/home/v7q8/scratch/2018_SAT_Competition/Heule/CNP-5-1600.cnf,131.19,189.85
/home/v7q8/scratch/2014_SAT_Competition/sc14-app/aaai10-planning-ipc5-pathways-17-step21.cnf,3734.17,70.4447
/home/v7q8/scratch/2014_SAT_Competition/sc14-app/k2fix_gr_rcs_w9.shuffled.cnf,40.7661,47.4629
/home/v7q8/scratch/2017_SAT_Competition/g2-mizh-md5-48-5.cnf,336.331,679.743
/home/v7q8/scratch/2014_SAT_Competition/sc14-app/atco_enc1_opt1_18_18.cnf,182.634,124.695
/home/v7q8/scratch/2017_SAT_Competition/mp1-22.2.cnf,5000.0,1017.7
/home/v7q8/scratch/2014_SAT_Competition/sc14-app/complete-300-0.1-4-9876543213004.cnf,0.049359,0.037323
/home/v7q8/scratch/2014_SAT_Competition/sc14-app/atco_enc2_opt2_10_21.cnf,146.421,327.491
/home/v7q8/scratch/2014_SAT_Competition/sc14-app/countbitssrl032.cnf,2668.23,2277.53
/home/v7q8/scratch/2014_SAT_Competition/sc14-app/rpoc_xits_15_SAT.cnf,1152.05,10.8205
/home/v7q8/scratch/2014_SAT_Competition/sc14-app/MD5-32-1.cnf,5000.0,5000.0
/home/v7q8/scratch/2014_SAT_Competition/sc14-app/stable-400-0.1-12-98765432140012.cnf,3889.86,2982.81
/home/v7q8/scratch/2017_SAT_Competition/mp1-9_9.cnf,132.874,12.0838
/home/v7q8/scratch/2014_SAT_Competition/sc14-app/manol-pipe-g10bid_i.cnf,2823.94,2737.28
/home/v7q8/scratch/2014_SAT_Competition/sc14-app/MD5-31-5.cnf,5000.0,5000.0
/home/v7q8/scratch/2017_SAT_Competition/mp1-blockpuzzle_5x10_s3_free4.cnf,205.351,177.448
/home/v7q8/scratch/2018_SAT_Competition/Devriendt/school1.col.14.cnf,5000.0,5000.0
/home/v7q8/scratch/2017_SAT_Competition/mp1-Nb5T15.cnf,5000.0,5000.0
/home/v7q8/scratch/2017_SAT_Competition/g2-ak128boothbg2msisc.cnf,5000.0,3662.72
/home/v7q8/scratch/2014_SAT_Competition/sc14-app/post-c32s-ss-8.cnf,1245.59,1189.08
/home/v7q8/scratch/2014_SAT_Competition/sc14-app/partial-5-17-s.cnf,2151.3,379.096
/home/v7q8/scratch/2018_SAT_Competition/Heule/CNP-5-1400.cnf,577.494,365.933
/home/v7q8/scratch/2017_SAT_Competition/g2-ak128paralbg2asaig.cnf,5000.0,5000.0
/home/v7q8/scratch/2017_SAT_Competition/mp1-21.8.cnf,91.8766,62.1334
/home/v7q8/scratch/2018_SAT_Competition/Liang/dist7.c.cnf,435.879,427.136
/home/v7q8/scratch/2017_SAT_Competition/mp1-21.7.cnf,98.9602,45.0016
/home/v7q8/scratch/2018_SAT_Competition/Scheel/cms-scheel-md5-families-r24-c11-p1-4-6-9-10-11-13-15-17-18-19.cnf,104.455,24.2829
/home/v7q8/scratch/2017_SAT_Competition/mp1-ps_5000_21250_3_0_0.6_0_1.45_0.cnf,5000.0,5000.0
/home/v7q8/scratch/2017_SAT_Competition/g2-test_v5_r10_vr10_c1_s21502.smt2-cvc4.cnf,1676.21,1043.41
/home/v7q8/scratch/2017_SAT_Competition/mp1-blockpuzzle_5x10_s7_free4.cnf,142.887,100.673
/home/v7q8/scratch/2014_SAT_Competition/sc14-app/MD5-29-4.cnf,5000.0,5000.0
/home/v7q8/scratch/2017_SAT_Competition/g2-ak128paralparalisc.cnf,5000.0,5000.0
/home/v7q8/scratch/2014_SAT_Competition/sc14-app/atco_enc1_opt1_04_32.cnf,2256.04,609.467
/home/v7q8/scratch/2018_SAT_Competition/Chowdhury/gto_p50c307.cnf,5000.0,5000.0
/home/v7q8/scratch/2017_SAT_Competition/g2-hwmcc15deep-6s161-k18.cnf,5000.0,5000.0
/home/v7q8/scratch/2018_SAT_Competition/Xiao/Nb13T166.cnf,5000.0,5000.0
/home/v7q8/scratch/2014_SAT_Competition/sc14-app/MD5-27-4.cnf,39.6189,11.923
/home/v7q8/scratch/2017_SAT_Competition/mp1-Nb6T27.cnf,5000.0,5000.0
/home/v7q8/scratch/2017_SAT_Competition/g2-hwmcc15deep-6s366r-k72.cnf,5000.0,4973.14
/home/v7q8/scratch/2018_SAT_Competition/Jingchao/e_rphp065_04.cnf,679.916,599.814
/home/v7q8/scratch/2017_SAT_Competition/mp1-blockpuzzle_9x9_s8_free3.cnf,306.139,199.057
/home/v7q8/scratch/2017_SAT_Competition/g2-ak128astepmodbtisc.cnf,5000.0,5000.0
/home/v7q8/scratch/2014_SAT_Competition/sc14-app/maxxor032.cnf,153.012,170.015
/home/v7q8/scratch/2017_SAT_Competition/mp1-21.1.cnf,124.328,63.1021
/home/v7q8/scratch/2018_SAT_Competition/Devriendt/le450_25a.col.25.cnf,5000.0,5000.0
/home/v7q8/scratch/2018_SAT_Competition/Heule/CNP-5-600.cnf,1613.52,1024.64
/home/v7q8/scratch/2018_SAT_Competition/Liang/dist10.c.cnf,448.166,401.251
/home/v7q8/scratch/2018_SAT_Competition/Scheel/cms-scheel-md5-families-r24-c5-p2-7-8-15-19.cnf,1699.01,636.857
/home/v7q8/scratch/2018_SAT_Competition/Zha/Karatsuba7654321x1234567.cnf,480.544,137.861
/home/v7q8/scratch/2018_SAT_Competition/Zha/factoring87654321x12345678.cnf,209.433,79.4519
/home/v7q8/scratch/2018_SAT_Competition/Heusser/satcoin-genesis-SAT-32.cnf,5000.0,15.4639
/home/v7q8/scratch/2018_SAT_Competition/Heule/CNP-5-1500.cnf,259.213,359.818
/home/v7q8/scratch/2014_SAT_Competition/sc14-app/dated-10-13-u.cnf,947.78,699.734
/home/v7q8/scratch/2017_SAT_Competition/mp1-21.6.cnf,58.9653,40.3569
/home/v7q8/scratch/2018_SAT_Competition/Heusser/satcoin-genesis-SAT-9.cnf,3.50409,20.1629
/home/v7q8/scratch/2017_SAT_Competition/mp1-23.7.cnf,5000.0,5000.0
/home/v7q8/scratch/2018_SAT_Competition/Heule/CNP-5-800.cnf,5000.0,1980.64
/home/v7q8/scratch/2017_SAT_Competition/mp1-9_49.cnf,16.5911,48.941
/home/v7q8/scratch/2018_SAT_Competition/Liang/quadratic_tight_error.c.cnf,503.726,533.765
/home/v7q8/scratch/2017_SAT_Competition/mp1-9_24.cnf,31.6803,102.276
/home/v7q8/scratch/2018_SAT_Competition/Jingchao/e_rphp056_05.cnf,5000.0,5000.0
/home/v7q8/scratch/2014_SAT_Competition/sc14-app/atco_enc1_opt2_10_15.cnf,556.8,411.002
/home/v7q8/scratch/2014_SAT_Competition/sc14-app/pb_300_10_lb_07.cnf,184.383,122.271
/home/v7q8/scratch/2017_SAT_Competition/mp1-21.4.cnf,42.7744,31.4147
/home/v7q8/scratch/2018_SAT_Competition/Scheel/cms-scheel-md5-families-r24-c7-p1-3-6-10-11-14-15.cnf,193.437,199.179
/home/v7q8/scratch/2014_SAT_Competition/sc14-app/AProVE07-27.cnf,404.709,383.415
/home/v7q8/scratch/2018_SAT_Competition/Manthey/pals_floodmax.5_overflow_false-unreach-call.ufo.UNBOUNDED.pals.c.cnf,5000.0,5000.0
/home/v7q8/scratch/2017_SAT_Competition/mp1-23.0.cnf,5000.0,5000.0
/home/v7q8/scratch/2017_SAT_Competition/mp1-rubikcube301.cnf,350.12,310.901
/home/v7q8/scratch/2014_SAT_Competition/sc14-app/aes_32_2_keyfind_3.cnf,1496.6,5000.0
/home/v7q8/scratch/2014_SAT_Competition/sc14-app/smtlib-qfbv-aigs-lfsr_004_127_112-tseitin.cnf,1824.47,1194.88
/home/v7q8/scratch/2018_SAT_Competition/Jingchao/e_rphp055_04.cnf,294.415,232.325
/home/v7q8/scratch/2014_SAT_Competition/sc14-app/korf-18.cnf,200.019,99.9808
/home/v7q8/scratch/2018_SAT_Competition/Heusser/satcoin-genesis-SAT-512.cnf,5000.0,2373.5
/home/v7q8/scratch/2014_SAT_Competition/sc14-app/vmpc_32.renamed-as.sat05-1919.cnf,1434.46,75.1567
/home/v7q8/scratch/2017_SAT_Competition/g2-hwmcc15deep-beemcmbrdg7f2-k32.cnf,5000.0,5000.0
/home/v7q8/scratch/2018_SAT_Competition/Chowdhury/gto_p60c238.cnf,431.695,0.006733
/home/v7q8/scratch/2017_SAT_Competition/mp1-Nb6T25.cnf,5000.0,5000.0
/home/v7q8/scratch/2018_SAT_Competition/Liang/sqrt_ineq_3.c.cnf,3674.51,1906.68
/home/v7q8/scratch/2018_SAT_Competition/Heusser/satcoin-genesis-SAT-8192.cnf,3236.07,2368.9
/home/v7q8/scratch/2017_SAT_Competition/mp1-22.3.cnf,1974.08,516.198
/home/v7q8/scratch/2017_SAT_Competition/mp1-blockpuzzle_9x9_s7_free9.cnf,2923.15,2473.1
/home/v7q8/scratch/2018_SAT_Competition/Jingchao/a_rphp055_04.cnf,304.506,299.677
/home/v7q8/scratch/2018_SAT_Competition/Scheel/cms-scheel-md4-families-r24-c6-p2-4-9-16-17-19.cnf,54.1646,42.6329
/home/v7q8/scratch/2018_SAT_Competition/Mayer-Eichberger/9-4-9.cnf,5000.0,5000.0
/home/v7q8/scratch/2014_SAT_Competition/sc14-app/SAT_dat.k80-24_1_rule_2.cnf,5000.0,5000.0
/home/v7q8/scratch/2018_SAT_Competition/Mayer-Eichberger/7-5-6.cnf,5000.0,5000.0
/home/v7q8/scratch/2014_SAT_Competition/sc14-app/6s168-opt.cnf,2046.24,363.88
/home/v7q8/scratch/2014_SAT_Competition/sc14-app/009-23-64.cnf,5000.0,5000.0
/home/v7q8/scratch/2018_SAT_Competition/Chen/20180321_140833987_p_cnf_320_1120.cnf,5000.0,5000.0
/home/v7q8/scratch/2017_SAT_Competition/g2-hwmcc15deep-beembkry8b1-k45.cnf,3740.93,3689.01
/home/v7q8/scratch/2014_SAT_Competition/sc14-app/UR-20-10p1.cnf,4835.98,2623.67
/home/v7q8/scratch/2017_SAT_Competition/mp1-ps_5000_21250_3_0_0.8_0_1.55_2.cnf,600.268,578.902
/home/v7q8/scratch/2014_SAT_Competition/sc14-app/10pipe_q0_k.cnf,2635.34,2520.3
/home/v7q8/scratch/2014_SAT_Competition/sc14-app/bob12s09-opt.cnf,647.365,1052.7
/home/v7q8/scratch/2017_SAT_Competition/mp1-21.9.cnf,104.736,43.7022
/home/v7q8/scratch/2018_SAT_Competition/Ofer/course_flat_0.12_2018_3_1.cnf,3145.87,2727.99
/home/v7q8/scratch/2017_SAT_Competition/mp1-squ_ali_s10x10_c39_sinx_SAT.cnf,17.5931,34.0632
/home/v7q8/scratch/2018_SAT_Competition/Scheel/cms-scheel-md5-families-r24-c5-p6-11-15-16-19.cnf,128.334,22.4555
/home/v7q8/scratch/2018_SAT_Competition/Harder/ecarev-110-1031-23-40-6.cnf,958.184,408.061
/home/v7q8/scratch/2017_SAT_Competition/mp1-blockpuzzle_5x10_s2_free5.cnf,143.496,124.781
/home/v7q8/scratch/2014_SAT_Competition/sc14-app/ACG-20-5p1.cnf,716.63,330.448
/home/v7q8/scratch/2014_SAT_Competition/sc14-app/atco_enc1_opt1_15_240.cnf,364.012,331.008
/home/v7q8/scratch/2014_SAT_Competition/sc14-app/atco_enc1_opt2_10_16.cnf,227.75,818.38
/home/v7q8/scratch/2018_SAT_Competition/Heusser/satcoin-genesis-SAT-10.cnf,2.47151,7.30128
/home/v7q8/scratch/2017_SAT_Competition/g2-hwmcc15deep-6s179-k17.cnf,1148.0,918.803
/home/v7q8/scratch/2017_SAT_Competition/g2-gss-26-s100.cnf,5000.0,5000.0
/home/v7q8/scratch/2017_SAT_Competition/mp1-tri_ali_s11_c35_sinx_UNS.cnf,68.1133,51.174
/home/v7q8/scratch/2014_SAT_Competition/sc14-app/complete-500-0.1-15-98765432150015.cnf,0.152865,0.126115
/home/v7q8/scratch/2017_SAT_Competition/g2-hwmcc15deep-beemlifts3b1-k29.cnf,5000.0,5000.0
/home/v7q8/scratch/2017_SAT_Competition/mp1-squ_ali_s10x10_c39_sinz_SAT.cnf,191.874,9.52282
/home/v7q8/scratch/2017_SAT_Competition/mp1-qpr-bmp280-driver-14.cnf,144.527,10.1135
/home/v7q8/scratch/2017_SAT_Competition/mp1-Nb6T30.cnf,5000.0,5000.0
/home/v7q8/scratch/2014_SAT_Competition/sc14-app/SAT_dat.k75-24_1_rule_3.cnf,5000.0,5000.0
/home/v7q8/scratch/2017_SAT_Competition/mp1-9_19.cnf,445.861,214.005
/home/v7q8/scratch/2018_SAT_Competition/Manthey/newton_3_4_true-unreach-call.i.cnf,1283.47,588.57
/home/v7q8/scratch/2014_SAT_Competition/sc14-app/vmpc_29.cnf,345.331,42.2813
/home/v7q8/scratch/2017_SAT_Competition/g2-ak128astepbg1btisc.cnf,164.886,154.703
/home/v7q8/scratch/2017_SAT_Competition/g2-UTI-20-10p1.cnf,1061.1,748.222
/home/v7q8/scratch/2017_SAT_Competition/mp1-blockpuzzle_8x8_s1_free4.cnf,195.457,115.923
/home/v7q8/scratch/2017_SAT_Competition/mp1-rubikcube612.cnf,1964.64,130.721
/home/v7q8/scratch/2014_SAT_Competition/sc14-app/aes_64_1_keyfind_1.cnf,5000.0,78.9655
/home/v7q8/scratch/2017_SAT_Competition/mp1-klieber2017s-0490-024-t12.cnf,662.556,987.977
/home/v7q8/scratch/2014_SAT_Competition/sc14-app/complete-500-0.1-8-9876543215008.cnf,0.132385,0.12757
/home/v7q8/scratch/2014_SAT_Competition/sc14-app/bob12m09-opt.cnf,1922.65,968.656
/home/v7q8/scratch/2017_SAT_Competition/mp1-Nb7T08.cnf,5000.0,5000.0
/home/v7q8/scratch/2014_SAT_Competition/sc14-app/post-cbmc-aes-d-r2-noholes.cnf,555.505,573.803
/home/v7q8/scratch/2018_SAT_Competition/Mayer-Eichberger/8-4-9.cnf,5000.0,5000.0
/home/v7q8/scratch/2014_SAT_Competition/sc14-app/UR-20-5p0.cnf,1241.67,740.864
/home/v7q8/scratch/2014_SAT_Competition/sc14-app/stable-400-0.1-11-98765432140011.cnf,1611.72,1782.52
/home/v7q8/scratch/2017_SAT_Competition/mp1-blockpuzzle_9x9_s8_free7.cnf,2810.38,2456.53
/home/v7q8/scratch/2018_SAT_Competition/Mayer-Eichberger/6-5-6.cnf,5000.0,5000.0
/home/v7q8/scratch/2017_SAT_Competition/g2-newton.8.3.i.smt2-cvc4.cnf,127.774,58.0237
/home/v7q8/scratch/2017_SAT_Competition/g2-gss-24-s100.cnf,5000.0,5000.0
/home/v7q8/scratch/2014_SAT_Competition/sc14-app/008-80-4.cnf,587.643,327.878
/home/v7q8/scratch/2014_SAT_Competition/sc14-app/006-80-4.cnf,148.437,157.652
/home/v7q8/scratch/2017_SAT_Competition/mp1-squ_ali_s10x10_c39_abix_SAT.cnf,344.942,5.80601
/home/v7q8/scratch/2014_SAT_Competition/sc14-app/hwmcc10-timeframe-expansion-k50-pdtvisns3p00-tseitin.cnf,5000.0,5000.0
/home/v7q8/scratch/2017_SAT_Competition/mp1-9_3.cnf,27.8028,8.93977
/home/v7q8/scratch/2014_SAT_Competition/sc14-app/007-80-12.cnf,1077.01,1248.45
/home/v7q8/scratch/2018_SAT_Competition/Jingchao/a_rphp045_05.cnf,5000.0,5000.0
/home/v7q8/scratch/2014_SAT_Competition/sc14-app/ACG-15-10p1.cnf,1474.96,1174.17
/home/v7q8/scratch/2017_SAT_Competition/g2-gss-34-s100.cnf,5000.0,5000.0
/home/v7q8/scratch/2017_SAT_Competition/mp1-ps_5000_21250_3_0_0.6_0_1.50_4.cnf,5000.0,5000.0
/home/v7q8/scratch/2018_SAT_Competition/Heusser/satcoin-genesis-SAT-1024.cnf,2454.79,2406.75
/home/v7q8/scratch/2014_SAT_Competition/sc14-app/gss-23-s100.cnf,5000.0,5000.0
/home/v7q8/scratch/2017_SAT_Competition/mp1-Nb7T43.cnf,5000.0,5000.0
/home/v7q8/scratch/2017_SAT_Competition/mp1-9_31.cnf,1183.72,2506.56
/home/v7q8/scratch/2017_SAT_Competition/mp1-ps_5000_21250_3_0_0.7_0_1.45_6.cnf,5000.0,5000.0
/home/v7q8/scratch/2018_SAT_Competition/Chowdhury/gto_p60c235.cnf,359.335,0.006986
/home/v7q8/scratch/2018_SAT_Competition/Liang/dist8.c.cnf,481.685,383.922
/home/v7q8/scratch/2018_SAT_Competition/Liang/dist9.c.cnf,377.172,409.344
/home/v7q8/scratch/2017_SAT_Competition/g2-hwmcc15deep-bobpcihm-k32.cnf,5000.0,5000.0
/home/v7q8/scratch/2014_SAT_Competition/sc14-app/MD5-29-5.cnf,5000.0,5000.0
/home/v7q8/scratch/2017_SAT_Competition/mp1-rubikcube812.cnf,3057.35,2271.53
/home/v7q8/scratch/2014_SAT_Competition/sc14-app/UCG-20-10p1.cnf,1849.47,1471.59
/home/v7q8/scratch/2017_SAT_Competition/mp1-ps_5000_21250_3_0_0.8_0_1.55_0.cnf,5000.0,5000.0
/home/v7q8/scratch/2017_SAT_Competition/g2-ak128astepbg2msaig.cnf,5000.0,5000.0
/home/v7q8/scratch/2018_SAT_Competition/Heule/CNP-5-500.cnf,784.831,3330.93
/home/v7q8/scratch/2018_SAT_Competition/Scheel/cms-scheel-md4-families-r24-c5-p1-8-13-18-19.cnf,499.965,499.931
/home/v7q8/scratch/2014_SAT_Competition/sc14-app/hwmcc10-timeframe-expansion-k45-pdtpmsgoodbakery-tseitin.cnf,2577.66,1906.91
/home/v7q8/scratch/2014_SAT_Competition/sc14-app/SAT_dat.k70-24_1_rule_1.cnf,5000.0,5000.0
/home/v7q8/scratch/2014_SAT_Competition/sc14-app/complete-400-0.1-16-98765432140016.cnf,0.083193,0.070417
/home/v7q8/scratch/2017_SAT_Competition/g2-Sz512_15128_1.smt2-cvc4.cnf,5000.0,622.754
/home/v7q8/scratch/2017_SAT_Competition/mp1-ps_5000_21250_3_0_0.8_0_1.50_2.cnf,110.889,106.801
/home/v7q8/scratch/2017_SAT_Competition/mp1-Nb7T44.cnf,5000.0,5000.0
/home/v7q8/scratch/2017_SAT_Competition/g2-hwmcc15deep-6s161-k17.cnf,5000.0,5000.0
/home/v7q8/scratch/2017_SAT_Competition/g2-ak128astepbg2asisc.cnf,5000.0,5000.0
/home/v7q8/scratch/2017_SAT_Competition/mp1-Nb5T07.cnf,5000.0,5000.0
/home/v7q8/scratch/2014_SAT_Competition/sc14-app/atco_enc2_opt2_05_4.cnf,787.969,608.32
/home/v7q8/scratch/2018_SAT_Competition/Porkhunov/Cake_9_19.cnf,5000.0,5000.0
/home/v7q8/scratch/2014_SAT_Competition/sc14-app/gss-18-s100.cnf,356.45,1283.31
/home/v7q8/scratch/2018_SAT_Competition/Porkhunov/mchess_16.cnf,382.893,379.48
/home/v7q8/scratch/2018_SAT_Competition/Chowdhury/gto_p60c241.cnf,154.946,0.007316
/home/v7q8/scratch/2018_SAT_Competition/Harder/ecarev-110-4099-22-30-5.cnf,277.858,232.834
/home/v7q8/scratch/2018_SAT_Competition/Ehlers/ex157_10.cnf,319.377,277.267
/home/v7q8/scratch/2017_SAT_Competition/mp1-23.3.cnf,5000.0,5000.0
/home/v7q8/scratch/2018_SAT_Competition/Ehlers/ex051_9.cnf,5000.0,5000.0
/home/v7q8/scratch/2017_SAT_Competition/mp1-24.8.cnf,5000.0,5000.0
/home/v7q8/scratch/2014_SAT_Competition/sc14-app/MD5-32-5.cnf,5000.0,5000.0
/home/v7q8/scratch/2017_SAT_Competition/g2-hwmcc15deep-6s188-k46.cnf,5000.0,5000.0
/home/v7q8/scratch/2017_SAT_Competition/g2-hwmcc15deep-bobpcihm-k33.cnf,5000.0,5000.0
/home/v7q8/scratch/2017_SAT_Competition/mp1-tri_ali_s11_c35_bail_UNS.cnf,104.65,89.2813
/home/v7q8/scratch/2017_SAT_Competition/mp1-klieber2017s-0300-033-t12.cnf,5000.0,903.942
/home/v7q8/scratch/2017_SAT_Competition/mp1-ps_5000_21250_3_0_0.6_0_1.50_8.cnf,5000.0,5000.0
/home/v7q8/scratch/2017_SAT_Competition/mp1-22.8.cnf,74.3602,74.6579
/home/v7q8/scratch/2014_SAT_Competition/sc14-app/AProVE07-01.cnf,5000.0,4472.74
/home/v7q8/scratch/2018_SAT_Competition/Ofer/course0.16_2018_3_5.cnf,5000.0,4479.26
/home/v7q8/scratch/2017_SAT_Competition/g2-modgen-n200-m90860q08c40-13698.cnf,737.057,110.086
/home/v7q8/scratch/2014_SAT_Competition/sc14-app/atco_enc2_opt1_15_100.cnf,105.851,208.396
/home/v7q8/scratch/2018_SAT_Competition/Xiao/Nb29T6.cnf,2523.73,2032.81
/home/v7q8/scratch/2018_SAT_Competition/Manthey/pals_lcr-var-start-time.5_true-unreach-call.ufo.UNBOUNDED.pals.c.cnf,870.544,907.0
/home/v7q8/scratch/2018_SAT_Competition/Chen/20180322_164226661_p_cnf_320_1120.cnf,42.0483,5000.0
/home/v7q8/scratch/2017_SAT_Competition/mp1-ps_5000_21250_3_0_0.7_0_1.50_0.cnf,5000.0,5000.0
/home/v7q8/scratch/2014_SAT_Competition/sc14-app/complete-500-0.1-17-98765432150017.cnf,0.141603,0.127677
/home/v7q8/scratch/2017_SAT_Competition/mp1-blockpuzzle_7x10_s10_free4.cnf,227.601,158.214
/home/v7q8/scratch/2017_SAT_Competition/mp1-24.5.cnf,5000.0,5000.0
/home/v7q8/scratch/2018_SAT_Competition/Heule/CNP-5-300.cnf,278.808,1014.76
/home/v7q8/scratch/2018_SAT_Competition/Jingchao/a_rphp098_04.cnf,5000.0,5000.0
/home/v7q8/scratch/2017_SAT_Competition/mp1-9_14.cnf,543.646,849.015
/home/v7q8/scratch/2017_SAT_Competition/g2-UCG-20-10p1.cnf,1742.07,1643.77
/home/v7q8/scratch/2017_SAT_Competition/mp1-ps_5000_21250_3_0_0.7_0_1.45_8.cnf,5000.0,5000.0
/home/v7q8/scratch/2017_SAT_Competition/mp1-qpr-bmp280-driver-5.cnf,62.5865,50.1
/home/v7q8/scratch/2014_SAT_Competition/sc14-app/002-80-4.cnf,256.982,201.545
/home/v7q8/scratch/2018_SAT_Competition/Ehlers/ex187_10.cnf,1434.78,264.895
/home/v7q8/scratch/2018_SAT_Competition/Heule/CNP-5-200.cnf,534.158,688.114
/home/v7q8/scratch/2017_SAT_Competition/mp1-blockpuzzle_9x9_s4_free3.cnf,319.337,180.189
/home/v7q8/scratch/2018_SAT_Competition/Jingchao/a_rphp085_04.cnf,5000.0,5000.0
/home/v7q8/scratch/2017_SAT_Competition/mp1-9_38.cnf,22.2106,16.1483
/home/v7q8/scratch/2017_SAT_Competition/g2-mult1.c.50.smt2-cvc4.cnf,0.58258,50.448
/home/v7q8/scratch/2014_SAT_Competition/sc14-app/atco_enc2_opt2_05_9.cnf,312.768,311.803
/home/v7q8/scratch/2018_SAT_Competition/Manthey/newton_3_6_false-unreach-call.i.cnf,2230.77,1096.6
/home/v7q8/scratch/2017_SAT_Competition/mp1-ps_5000_21250_3_0_0.8_0_1.60_0.cnf,5000.0,5000.0
/home/v7q8/scratch/2014_SAT_Competition/sc14-app/004-22-160.cnf,5000.0,156.156
/home/v7q8/scratch/2014_SAT_Competition/sc14-app/003-23-80.cnf,1714.25,1700.03
/home/v7q8/scratch/2014_SAT_Competition/sc14-app/atco_enc1_opt1_10_21.cnf,130.834,101.204
/home/v7q8/scratch/2018_SAT_Competition/Chen/20180322_164226378_p_cnf_320_1120.cnf,5000.0,5000.0
/home/v7q8/scratch/2017_SAT_Competition/mp1-9_21.cnf,5000.0,5000.0
/home/v7q8/scratch/2017_SAT_Competition/g2-ACG-20-5p1.cnf,858.323,264.041
/home/v7q8/scratch/2018_SAT_Competition/Scheel/cms-scheel-md5-families-r24-c6-p1-4-6-13-14-18.cnf,377.908,331.472
/home/v7q8/scratch/2018_SAT_Competition/Porkhunov/Cake_9_20.cnf,5000.0,5000.0
/home/v7q8/scratch/2018_SAT_Competition/Konan/TimetableCNFEncoding_10_UNKNOWN.cnf,5000.0,5000.0
/home/v7q8/scratch/2017_SAT_Competition/mp1-bsat201-707.cnf,155.124,198.663
/home/v7q8/scratch/2014_SAT_Competition/sc14-app/complete-300-0.1-18-98765432130018.cnf,0.048666,0.037746
/home/v7q8/scratch/2014_SAT_Competition/sc14-app/UTI-20-10p0.cnf,1284.68,853.678
/home/v7q8/scratch/2018_SAT_Competition/Porkhunov/Cake_8_16.cnf,5000.0,5000.0
/home/v7q8/scratch/2014_SAT_Competition/sc14-app/q_query_3_L90_coli.sat.cnf,445.829,271.913
/home/v7q8/scratch/2017_SAT_Competition/mp1-rubikcube520.cnf,5000.0,5000.0
/home/v7q8/scratch/2017_SAT_Competition/mp1-bsat210-739.cnf,339.943,360.275
/home/v7q8/scratch/2017_SAT_Competition/g2-ak128modbtbg1asaig.cnf,212.742,149.062
/home/v7q8/scratch/2017_SAT_Competition/mp1-klieber2017s-0300-032-t12.cnf,3851.92,248.072
/home/v7q8/scratch/2014_SAT_Competition/sc14-app/gss-24-s100.cnf,5000.0,5000.0
/home/v7q8/scratch/2018_SAT_Competition/Jingchao/a_rphp035_05.cnf,1387.56,1277.42
/home/v7q8/scratch/2017_SAT_Competition/g2-hwmcc15deep-6s105-k35.cnf,5000.0,4972.29
/home/v7q8/scratch/2014_SAT_Competition/sc14-app/MD5-28-5.cnf,5000.0,5000.0
/home/v7q8/scratch/2017_SAT_Competition/mp1-squ_any_s09x07_c27_sinx_UNS.cnf,304.917,314.928
/home/v7q8/scratch/2017_SAT_Competition/mp1-ps_5000_21250_3_0_0.7_0_1.50_2.cnf,5000.0,5000.0
/home/v7q8/scratch/2017_SAT_Competition/g2-hwmcc15deep-6s399b03-k02.cnf,5000.0,5000.0
/home/v7q8/scratch/2018_SAT_Competition/Ofer/exam0.04_2018_3.cnf,2719.86,2598.38
/home/v7q8/scratch/2018_SAT_Competition/Scheel/cms-scheel-md4-families-r24-c5-p0-7-10-15-19.cnf,54.9086,23.9433
/home/v7q8/scratch/2017_SAT_Competition/mp1-rubikcube720.cnf,5000.0,5000.0
/home/v7q8/scratch/2018_SAT_Competition/Heule/CNP-5-0.cnf,5000.0,5000.0
/home/v7q8/scratch/2018_SAT_Competition/Chen/20180321_140827428_p_cnf_320_1120.cnf,5000.0,5000.0
